{
  "feature": {
    "type": "minecraft:random_selector",
    "config": {
      "default": {
        "feature": "terralith:cave/jungle/tree_1",
        "placement": []
      },
      "features": [
        {
          "chance": 0.3,
          "feature": {
            "feature": "terralith:cave/jungle/tree_small",
            "placement": []
          }
        },
        {
          "chance": 0.3,
          "feature": {
            "feature": "terralith:cave/jungle/tree_very_large",
            "placement": []
          }
        }
      ]
    }
  },
  "placement": [
    {
      "type": "minecraft:count_on_every_layer",
      "count": 24
    },
    {
      "type": "minecraft:surface_relative_threshold_filter",
      "heightmap": "OCEAN_FLOOR_WG",
      "min_inclusive": -1000,
      "max_inclusive": -10
    },
    {
      "type": "minecraft:biome"
    },
    {
      "type": "minecraft:block_predicate_filter",
      "predicate": {
        "type": "minecraft:all_of",
        "predicates": [
          {
            "type": "minecraft:matching_blocks",
            "blocks": "minecraft:air",
            "offset": [
              0,
              3,
              0
            ]
          },
          {
            "type": "minecraft:would_survive",
            "state": {
              "Name": "minecraft:mangrove_propagule"
            }
          },
          {
            "type": "minecraft:replaceable"
          }
        ]
      }
    }
  ]
}