{
  "feature": {
    "type": "minecraft:geode",
    "config": {
      "blocks": {
        "alternate_inner_layer_provider": {
          "type": "minecraft:simple_state_provider",
          "state": {
            "Name": "minecraft:calcite"
          }
        },
        "cannot_replace": "#minecraft:features_cannot_replace",
        "filling_provider": {
          "type": "minecraft:simple_state_provider",
          "state": {
            "Name": "minecraft:amethyst_block"
          }
        },
        "inner_layer_provider": {
          "type": "minecraft:simple_state_provider",
          "state": {
            "Name": "minecraft:calcite"
          }
        },
        "inner_placements": [
          {
            "Name": "minecraft:calcite",
            "Properties": {
              "facing": "up",
              "waterlogged": "false"
            }
          },
          {
            "Name": "minecraft:calcite",
            "Properties": {
              "facing": "up",
              "waterlogged": "false"
            }
          },
          {
            "Name": "minecraft:calcite",
            "Properties": {
              "facing": "up",
              "waterlogged": "false"
            }
          },
          {
            "Name": "minecraft:calcite",
            "Properties": {
              "facing": "up",
              "waterlogged": "false"
            }
          }
        ],
        "invalid_blocks": "#minecraft:geode_invalid_blocks",
        "middle_layer_provider": {
          "type": "minecraft:simple_state_provider",
          "state": {
            "Name": "minecraft:calcite"
          }
        },
        "outer_layer_provider": {
          "type": "minecraft:simple_state_provider",
          "state": {
            "Name": "minecraft:smooth_basalt"
          }
        }
      },
      "crack": {
        "base_crack_size": 2,
        "crack_point_offset": 2,
        "generate_crack_chance": 0.0
      },
      "distribution_points": {
        "type": "minecraft:uniform",
        "value": {
          "min_inclusive": 3,
          "max_inclusive": 4
        }
      },
      "invalid_blocks_threshold": 1,
      "layers": {
        "filling": 0.5,
        "inner_layer": 2.2,
        "middle_layer": 3.2,
        "outer_layer": 4.2
      },
      "max_gen_offset": 16,
      "min_gen_offset": -16,
      "noise_multiplier": 0.05,
      "outer_wall_distance": {
        "type": "minecraft:uniform",
        "value": {
          "min_inclusive": 4,
          "max_inclusive": 6
        }
      },
      "placements_require_layer0_alternate": true,
      "point_offset": {
        "type": "minecraft:uniform",
        "value": {
          "min_inclusive": 1,
          "max_inclusive": 2
        }
      },
      "use_alternate_layer0_chance": 0.083,
      "use_potential_placements_chance": 0.35
    }
  },
  "placement": [
    {
      "type": "minecraft:count",
      "count": 4
    },
    {
      "type": "minecraft:in_square"
    },
    {
      "type": "minecraft:height_range",
      "height": {
        "type": "minecraft:uniform",
        "min_inclusive": {
          "above_bottom": 6
        },
        "max_inclusive": {
          "absolute": 0
        }
      }
    },
    {
      "type": "minecraft:block_predicate_filter",
      "predicate": {
        "type": "minecraft:all_of",
        "predicates": [
          {
            "type": "minecraft:matching_blocks",
            "blocks": [
              "minecraft:deepslate"
            ],
            "offset": [
              0,
              0,
              0
            ]
          }
        ]
      }
    },
    {
      "type": "minecraft:biome"
    }
  ]
}