{
  "multipart": [

    {"apply": {"model": "minecraft:block/azure_bluet"}},

    {"apply": [{"model": "minecraft:block/azure_bluet_butterfly"},
	       {"model": "minecraft:block/azure_bluet_butterfly","y": 90},
	       {"model": "minecraft:block/azure_bluet_butterfly","y": 180},
	       {"model": "minecraft:block/azure_bluet_butterfly","y": 270},

	       {"model": "minecraft:block/azure_bluet_butterfly_up"},
	       {"model": "minecraft:block/azure_bluet_butterfly_up","y": 90},
	       {"model": "minecraft:block/azure_bluet_butterfly_up","y": 180},
	       {"model": "minecraft:block/azure_bluet_butterfly_up","y": 270},

	       {"model": "minecraft:block/air","weight": 72}]}

  ]
}