{
  "multipart": [

    {"apply": {"model": "minecraft:block/potted_blue_orchid"}},

    {"apply": [{"model": "minecraft:block/blue_orchid_butterfly"},
	       {"model": "minecraft:block/blue_orchid_butterfly","y": 90},
	       {"model": "minecraft:block/blue_orchid_butterfly","y": 180},
	       {"model": "minecraft:block/blue_orchid_butterfly","y": 270},

	       {"model": "minecraft:block/blue_orchid_butterfly_up"},
	       {"model": "minecraft:block/blue_orchid_butterfly_up","y": 90},
	       {"model": "minecraft:block/blue_orchid_butterfly_up","y": 180},
	       {"model": "minecraft:block/blue_orchid_butterfly_up","y": 270},

	       {"model": "minecraft:block/air","weight": 32}]}

  ]
}