{
  "multipart": [

    {"apply": {"model": "minecraft:block/potted_lily_of_the_valley"}},

    {"apply": [{"model": "minecraft:block/lily_of_the_valley_butterfly"},
	       {"model": "minecraft:block/lily_of_the_valley_butterfly","y": 90},
	       {"model": "minecraft:block/lily_of_the_valley_butterfly","y": 180},
	       {"model": "minecraft:block/lily_of_the_valley_butterfly","y": 270},

	       {"model": "minecraft:block/lily_of_the_valley_butterfly_up"},
	       {"model": "minecraft:block/lily_of_the_valley_butterfly_up","y": 90},
	       {"model": "minecraft:block/lily_of_the_valley_butterfly_up","y": 180},
	       {"model": "minecraft:block/lily_of_the_valley_butterfly_up","y": 270},

	       {"model": "minecraft:block/air","weight": 32}]}

  ]
}