{
  "multipart": [

    {"apply": {"model": "minecraft:block/potted_white_tulip"}},

    {"apply": [{"model": "minecraft:block/white_tulip_butterfly"},
	       {"model": "minecraft:block/white_tulip_butterfly","y": 90},
	       {"model": "minecraft:block/white_tulip_butterfly","y": 180},
	       {"model": "minecraft:block/white_tulip_butterfly","y": 270},

	       {"model": "minecraft:block/white_tulip_butterfly_up"},
	       {"model": "minecraft:block/white_tulip_butterfly_up","y": 90},
	       {"model": "minecraft:block/white_tulip_butterfly_up","y": 180},
	       {"model": "minecraft:block/white_tulip_butterfly_up","y": 270},

	       {"model": "minecraft:block/air","weight": 32}]}

  ]
}