{
    "type": "minecraft:tree",
    "config": {
        "decorators": [],
        "dirt_provider": {
            "type": "minecraft:simple_state_provider",
            "state": {
                "Name": "minecraft:dirt"
            }
        },
        "foliage_placer": {
            "type": "minecraft:pine_foliage_placer",
            "height": {
                "type": "minecraft:uniform",
                "min_inclusive": 3,
                "max_inclusive": 4
            },
            "offset": 1,
            "radius": 1
        },
        "foliage_provider": {
            "type": "minecraft:simple_state_provider",
            "state": {
                "Name": "minecraft:birch_leaves",
                "Properties": {
                    "distance": "7",
                    "persistent": "false",
                    "waterlogged": "false"
                }
            }
        },
        "force_dirt": false,
        "ignore_vines": true,
        "minimum_size": {
            "type": "minecraft:two_layers_feature_size",
            "limit": 2,
            "lower_size": 0,
            "upper_size": 2
        },
        "sapling_provider": {
            "type": "minecraft:simple_state_provider",
            "state": {
                "Name": "minecraft:oak_sapling",
                "Properties": {
                    "stage": "0"
                }
            }
        },
        "trunk_placer": {
            "type": "minecraft:straight_trunk_placer",
            "base_height": 4,
            "height_rand_a": 1,
            "height_rand_b": 2
        },
        "trunk_provider": {
            "type": "minecraft:simple_state_provider",
            "state": {
                "Name": "minecraft:birch_log",
                "Properties": {
                    "axis": "y"
                }
            }
        }
    }
}